{
  "urls": [
    "sounds.mp3",
    "sounds.ogg"
  ],
  "sprite": {
    "blow": [
      0,
      384.58049886621313
    ],
    "hit": [
      1500,
      39.183673469387784
    ]
  }
}